Workbook

Sheet DataAnalysis
A2: Participant | B2: P1- 21M | D2: P2- 21M | F2: P3- 21M | H2: P4- 21M | J2: P5- 21M
A3: Distractors | B3: 5 | C3: 10 | D3: 5 | E3: 10 | F3: 5 | G3: 10 | H3: 5 | I3: 10 | J3: 5 | K3: 10 | R3: No of Distractors | S3: 5 | T3: 10
A4: Average RT for Correct Click | B4: =AVERAGE('P1- 21M'!I21:I100) -> 1.2814138 | C4: =AVERAGE('P1- 21M'!I114:I202) -> 1.3649936 | D4: =AVERAGE('P2- 21M'!I25:I96) -> 1.1507205 | E4: =AVERAGE('P2- 21M'!I117:I201) -> 1.2305269 | F4: =AVERAGE('P3-21M'!I44:I102) -> 1.0509209 | G4: =AVERAGE('P3-21M'!I137:I201) -> 1.1738119 | H4: =AVERAGE('P4- 20F'!I22:I104) -> 1.2574609 | I4: =AVERAGE('P4- 20F'!I126:I201) -> 1.4074762 | J4: =AVERAGE('P5- 20F'!I33:I114) -> 1.3115413 | K4: =AVERAGE('P5- 20F'!I142:I201) -> 1.3447642 | R4: Average of Response Time | S4: =AVERAGE(B4,D4,F4,H4,J4) -> 1.2104115 | T4: =AVERAGE(C4,E4,G4,I4,K4) -> 1.3043146
A5: Slope | B5: =B3*B4 -> 6.407069 | C5: =C3*C4 -> 13.649936 | D5: =D3*D4 -> 5.7536026 | E5: =E3*E4 -> 12.305269 | F5: =F3*F4 -> 5.2546045 | G5: =G3*G4 -> 11.738119 | H5: =H3*H4 -> 6.2873043 | I5: =I3*I4 -> 14.074762 | ... K5: =K3*K4 -> 13.447642
T7: S
O8: Column Labels
O9: 5 | P9: 10 | Q9: Grand Total
N10: Average RT | O10: 1.2104115 | P10: 1.3043146 | Q10: 1.257363
B12: Set Size 5 | C12: Set Size 10
A13: 1 | B13: =B5 -> 6.407069 | C13: =C5 -> 13.649936
A14: 2 | B14: =D5 -> 5.7536026 | C14: =E5 -> 12.305269
A15: 3 | B15: =F5 -> 5.2546045 | C15: =G5 -> 11.738119
A16: 4 | B16: =H5 -> 6.2873043 | C16: =I5 -> 14.074762
A17: 5 | B17: =J5 -> 6.5577067 | C17: =K5 -> 13.447642

Sheet P1- 21M
A1: thisN | B1: thisTrialN | C1: thisRepN | D1: mouse.x | E1: mouse.y | F1: mouse.leftButton | G1: mouse.midButton | H1: mouse.rightButton | I1: mouse.time | J1: mouse.clicked_name | K1: trials.thisRepN | L1: trials.thisTrialN | M1: trials.thisN | N1: trials.thisIndex | O1: thisRow.t | P1: notes | Q1: num_distr | R1: trial.started | S1: Fixation.started | T1: Target.started | U1: mouse.started | V1: trial.stopped | W1: trials.mouse.x | X1: trials.mouse.y | Y1: trials.mouse.leftButton | Z1: trials.mouse.midButton | AA1: trials.mouse.rightButton | AB1: trials.mouse.time | AC1: trials.mouse.clicked_name | AD1: participant | AE1: session | AF1: date | AG1: expName | AH1: expVersion | AI1: psychopyVersion | AJ1: frameRate | AK1: expStart
A2: 9 | B2: 0 | C2: 9 | D2: [np.float64(0.04722222222222222)] | E2: [np.float64(-0.07361111111111111)] | F2: [1] | G2: [0] | H2: [0] | I2: 1.1274311 | J2: [None] | K2: 9 | L2: 0 | M2: 9 | N2: 0 | O2: 10.672683 | Q2: 5 | R2: 10.652037 | S2: 10.672683 | T2: 10.672683 | U2: 0.0103743 | V2: 11.779573 | W2: [np.float64(0.04722222222222222)] | X2: [np.float64(-0.07361111111111111)] | Y2: [1] | Z2: [0] | AA2: [0] | AB2: [1.1274311000015587] | AC2: [None] | AD2: P1 | AE2: 1 | AF2: 2025-09-30_15h25.41.276 | AG2: VisualSearch | AI2: 2025.1.1 | AJ2: 59.7287 | AK2: 2025-09-30 15h25.45.583107 +0530
A3: 11 | B3: 0 | C3: 11 | D3: [np.float64(0.0625)] | E3: [np.float64(0.20416666666666666)] | F3: [1] | G3: [0] | H3: [0] | I3: 0.8534793 | J3: [None] | K3: 11 | L3: 0 | M3: 11 | N3: 0 | O3: 12.77187 | Q3: 5 | R3: 12.757493 | S3: 12.77187 | T3: 12.77187 | U3: 0.0137104 | V3: 13.611047 | W3: [np.float64(0.0625)] | X3: [np.float64(0.20416666666666666)] | Y3: [1] | Z3: [0] | AA3: [0] | AB3: [0.853479299985338] | AC3: [None] | AD3: P1 | AE3: 1 | AF3: 2025-09-30_15h25.41.276 | AG3: VisualSearch | AI3: 2025.1.1 | AJ3: 59.7287 | AK3: 2025-09-30 15h25.45.583107 +0530
A4: 12 | B4: 0 | C4: 12 | D4: [np.float64(0.2388888888888889)] | E4: [np.float64(-0.4361111111111111)] | F4: [1] | G4: [0] | H4: [0] | I4: 1.0799209 | J4: [None] | K4: 12 | L4: 0 | M4: 12 | N4: 0 | O4: 13.638176 | Q4: 5 | R4: 13.629942 | S4: 13.638176 | T4: 13.638176 | U4: 0.0187537 | V4: 14.709943 | W4: [np.float64(0.2388888888888889)] | X4: [np.float64(-0.4361111111111111)] | Y4: [1] | Z4: [0] | AA4: [0] | AB4: [1.0799208999960683] | AC4: [None] | AD4: P1 | AE4: 1 | AF4: 2025-09-30_15h25.41.276 | AG4: VisualSearch | AI4: 2025.1.1 | AJ4: 59.7287 | AK4: 2025-09-30 15h25.45.583107 +0530
A5: 27 | B5: 0 | C5: 27 | D5: [np.float64(-0.13194444444444445)] | E5: [np.float64(-0.020833333333333332)] | F5: [1] | G5: [0] | H5: [0] | I5: 0.9427674 | J5: [None] | K5: 27 | L5: 0 | M5: 27 | N5: 0 | O5: 33.970891 | Q5: 5 | R5: 33.946806 | S5: 33.970891 | T5: 33.970891 | U5: 0.0199237 | V5: 34.88963 | W5: [np.float64(-0.13194444444444445)] | X5: [np.float64(-0.020833333333333332)] | Y5: [1] | Z5: [0] | AA5: [0] | AB5: [0.942767400003504] | AC5: [None] | AD5: P1 | AE5: 1 | AF5: 2025-09-30_15h25.41.276 | AG5: VisualSearch | AI5: 2025.1.1 | AJ5: 59.7287 | AK5: 2025-09-30 15h25.45.583107 +0530
A6: 30 | B6: 0 | C6: 30 | D6: [np.float64(-0.3875)] | E6: [np.float64(-0.35833333333333334)] | F6: [1] | G6: [0] | H6: [0] | I6: 1.0985388 | J6: [None] | K6: 30 | L6: 0 | M6: 30 | N6: 0 | O6: 37.554255 | Q6: 5 | R6: 37.544493 | S6: 37.554255 | T6: 37.554255 | U6: 0.0185843 | V6: 38.643138 | W6: [np.float64(-0.3875)] | X6: [np.float64(-0.35833333333333334)] | Y6: [1] | Z6: [0] | AA6: [0] | AB6: [1.0985387999680825] | AC6: [None] | AD6: P1 | AE6: 1 | AF6: 2025-09-30_15h25.41.276 | AG6: VisualSearch | AI6: 2025.1.1 | AJ6: 59.7287 | AK6: 2025-09-30 15h25.45.583107 +0530
A7: 42 | B7: 0 | C7: 42 | D7: [np.float64(-0.13055555555555556)] | E7: [np.float64(0.14027777777777778)] | F7: [1] | G7: [0] | H7: [0] | I7: 1.3154031 | J7: [None] | K7: 42 | L7: 0 | M7: 42 | N7: 0 | O7: 54.920564 | Q7: 5 | R7: 54.906383 | S7: 54.920564 | T7: 54.920564 | U7: 0.0145073 | V7: 56.221834 | W7: [np.float64(-0.13055555555555556)] | X7: [np.float64(0.14027777777777778)] | Y7: [1] | Z7: [0] | AA7: [0] | AB7: [1.3154030999867246] | AC7: [None] | AD7: P1 | AE7: 1 | AF7: 2025-09-30_15h25.41.276 | AG7: VisualSearch | AI7: 2025.1.1 | AJ7: 59.7287 | AK7: 2025-09-30 15h25.45.583107 +0530
A8: 66 | B8: 0 | C8: 66 | D8: [np.float64(-0.0375)] | E8: [np.float64(-0.25)] | F8: [1] | G8: [0] | H8: [0] | I8: 1.4634215 | J8: [None] | K8: 66 | L8: 0 | M8: 66 | N8: 0 | O8: 89.502892 | Q8: 5 | R8: 89.480605 | S8: 89.502892 | T8: 89.502892 | U8: 0.0093176 | V8: 90.944158 | W8: [np.float64(-0.0375)] | X8: [np.float64(-0.25)] | Y8: [1] | Z8: [0] | AA8: [0] | AB8: [1.4634214999969117] | AC8: [None] | AD8: P1 | AE8: 1 | AF8: 2025-09-30_15h25.41.276 | AG8: VisualSearch | AI8: 2025.1.1 | AJ8: 59.7287 | AK8: 2025-09-30 15h25.45.583107 +0530
A9: 86 | B9: 0 | C9: 86 | D9: [np.float64(-0.39861111111111114)] | E9: [np.float64(-0.0625)] | F9: [1] | G9: [0] | H9: [0] | I9: 1.0941073 | J9: [None] | K9: 86 | L9: 0 | M9: 86 | N9: 0 | O9: 117.83624 | Q9: 5 | R9: 117.81661 | S9: 117.83624 | T9: 117.83624 | U9: 0.0202432 | V9: 118.91084 | W9: [np.float64(-0.39861111111111114)] | X9: [np.float64(-0.0625)] | Y9: [1] | Z9: [0] | AA9: [0] | AB9: [1.094107300043106] | AC9: [None] | AD9: P1 | AE9: 1 | AF9: 2025-09-30_15h25.41.276 | AG9: VisualSearch | AI9: 2025.1.1 | AJ9: 59.7287 | AK9: 2025-09-30 15h25.45.583107 +0530
A10: 88 | B10: 0 | C10: 88 | D10: [np.float64(-0.49166666666666664)] | E10: [np.float64(-0.30972222222222223)] | F10: [1] | G10: [0] | H10: [0] | I10: 0.9974724 | J10: [None] | K10: 88 | L10: 0 | M10: 88 | N10: 0 | O10: 120.13612 | Q10: 5 | R10: 120.11369 | S10: 120.13612 | T10: 120.13612 | U10: 0.0201582 | V10: 121.11133 | W10: [np.float64(-0.49166666666666664)] | X10: [np.float64(-0.30972222222222223)] | Y10: [1] | Z10: [0] | AA10: [0] | AB10: [0.9974724000203423] | AC10: [None] | AD10: P1 | AE10: 1 | AF10: 2025-09-30_15h25.41.276 | AG10: VisualSearch | AI10: 2025.1.1 | AJ10: 59.7287 | AK10: 2025-09-30 15h25.45.583107 +0530
A11: 90 | B11: 0 | C11: 90 | D11: [np.float64(0.3125)] | E11: [np.float64(-0.09305555555555556)] | F11: [1] | G11: [0] | H11: [0] | I11: 0.4644162 | J11: [None] | K11: 90 | L11: 0 | M11: 90 | N11: 0 | O11: 121.98662 | Q11: 5 | R11: 121.96324 | S11: 121.98662 | T11: 121.98662 | U11: 0.0196401 | V11: 122.42777 | W11: [np.float64(0.3125)] | X11: [np.float64(-0.09305555555555556)] | Y11: [1] | Z11: [0] | AA11: [0] | AB11: [0.46441620000405237] | AC11: [None] | AD11: P1 | AE11: 1 | AF11: 2025-09-30_15h25.41.276 | AG11: VisualSearch | AI11: 2025.1.1 | AJ11: 59.7287 | AK11: 2025-09-30 15h25.45.583107 +0530
A12: 92 | B12: 0 | C12: 92 | D12: [np.float64(-0.11527777777777778)] | E12: [np.float64(-0.002777777777777778)] | F12: [1] | G12: [0] | H12: [0] | I12: 0.3811288 | J12: [None] | K12: 92 | L12: 0 | M12: 92 | N12: 0 | O12: 122.86943 | Q12: 5 | R12: 122.84611 | S12: 122.86943 | T12: 122.86943 | U12: 0.0321854 | V12: 123.22738 | W12: [np.float64(-0.11527777777777778)] | X12: [np.float64(-0.002777777777777778)] | Y12: [1] | Z12: [0] | AA12: [0] | AB12: [0.3811287999851629] | AC12: [None] | AD12: P1 | AE12: 1 | AF12: 2025-09-30_15h25.41.276 | AG12: VisualSearch | AI12: 2025.1.1 | AJ12: 59.7287 | AK12: 2025-09-30 15h25.45.583107 +0530
A13: 100 | B13: 0 | C13: 100 | D13: [np.float64(-0.058333333333333334)] | E13: [np.float64(-0.08055555555555556)] | F13: [1] | G13: [0] | H13: [0] | I13: 1.0101731 | J13: [None] | K13: 100 | L13: 0 | M13: 100 | N13: 0 | O13: 131.63553 | Q13: 5 | R13: 131.61874 | S13: 131.63553 | T13: 131.63553 | U13: 0.0249513 | V13: 132.62909 | W13: [np.float64(-0.058333333333333334)] | X13: [np.float64(-0.08055555555555556)] | Y13: [1] | Z13: [0] | AA13: [0] | AB13: [1.0101730999886058] | AC13: [None] | AD13: P1 | AE13: 1 | AF13: 2025-09-30_15h25.41.276 | AG13: VisualSearch | AI13: 2025.1.1 | AJ13: 59.7287 | AK13: 2025-09-30 15h25.45.583107 +0530
... A202: 200 | B202: 0 | C202: 196 | D202: [np.float64(0.10138887888888889)] | E202: [np.float64(0.4325)] | F202: [1] | G202: [0] | H202: [0] | I202: 1.1962346 | J202: ['Target'] | K202: 200 | L202: 0 | M202: 200 | N202: 0 | O202: 255.603 | Q202: 10 | R202: 257.00516 | S202: 257.01603 | T202: 257.01603 | U202: 0.0290279 | V202: 259.19161 | W202: [np.float64(0.10138887888888889)] | X202: [np.float64(0.4325)] | Y202: [1] | Z202: [0] | AA202: [0] | AB202: [1.1962346000270918] | AC202: ['Target'] | AD202: P1 | AE202: 1 | AF202: 2025-09-30_15h25.41.276 | AG202: VisualSearch | AI202: 2025.1.1 | AJ202: 59.7287 | AK202: 2025-09-30 15h25.45.583107 +0530

Sheet P2- 21M
A1: thisN | B1: thisTrialN | C1: thisRepN | D1: mouse.x | E1: mouse.y | F1: mouse.leftButton | G1: mouse.midButton | H1: mouse.rightButton | I1: mouse.time | J1: mouse.clicked_name | K1: trials.thisRepN | L1: trials.thisTrialN | M1: trials.thisN | N1: trials.thisIndex | O1: thisRow.t | P1: notes | Q1: num_distr | R1: trial.started | S1: Fixation.started | T1: Target.started | U1: mouse.started | V1: trial.stopped | W1: trials.mouse.x | X1: trials.mouse.y | Y1: trials.mouse.leftButton | Z1: trials.mouse.midButton | AA1: trials.mouse.rightButton | AB1: trials.mouse.time | AC1: trials.mouse.clicked_name | AD1: participant | AE1: session | AF1: date | AG1: expName | AH1: expVersion | AI1: psychopyVersion | AJ1: frameRate | AK1: expStart
A2: 1 | B2: 0 | C2: 1 | D2: [np.float64(-0.23194444444444445)] | E2: [np.float64(0.14722222222222223)] | F2: [1] | G2: [0] | H2: [0] | I2: 0.9194484 | J2: [None] | K2: 1 | L2: 0 | M2: 1 | N2: 0 | O2: 1.367512 | Q2: 5 | R2: 1.3559285 | S2: 1.367512 | T2: 1.367512 | U2: 0.0198646 | V2: 2.2755275 | W2: [np.float64(-0.23194444444444445)] | X2: [np.float64(0.14722222222222223)] | Y2: [1] | Z2: [0] | AA2: [0] | AB2: [0.9194484000327066] | AC2: [None] | AD2: P2 | AE2: 1 | AF2: 2025-09-30_15h34.46.001 | AG2: VisualSearch | AI2: 2025.1.1 | AJ2: 59.382846 | AK2: 2025-09-30 15h34.50.277263 +0530
A3: 4 | B3: 0 | C3: 4 | D3: [np.float64(0.17222222222222222)] | E3: [np.float64(-0.19027777777777777)] | F3: [1] | G3: [0] | H3: [0] | I3: 1.0754464 | J3: [None] | K3: 4 | L3: 0 | M3: 4 | N3: 0 | O3: 4.5005878 | Q3: 5 | R3: 4.4837773 | S3: 4.5005878 | T3: 4.5005878 | U3: 0.0281014 | V3: 5.5593815 | W3: [np.float64(0.17222222222222222)] | X3: [np.float64(-0.19027777777777777)] | Y3: [1] | Z3: [0] | AA3: [0] | AB3: [1.0754463999764994] | AC3: [None] | AD3: P2 | AE3: 1 | AF3: 2025-09-30_15h34.46.001 | AG3: VisualSearch | AI3: 2025.1.1 | AJ3: 59.382846 | AK3: 2025-09-30 15h34.50.277263 +0530
A4: 7 | B4: 0 | C4: 7 | D4: [np.float64(-0.09305555555555556)] | E4: [np.float64(0.15416666666666667)] | F4: [1] | G4: [0] | H4: [0] | I4: 1.0235915 | J4: [None] | K4: 7 | L4: 0 | M4: 7 | N4: 0 | O4: 7.8512137 | Q4: 5 | R4: 7.7692181 | S4: 7.8512137 | T4: 7.8512137 | U4: 0.0258193 | V4: 8.7929583 | W4: [np.float64(-0.09305555555555556)] | X4: [np.float64(0.15416666666666667)] | Y4: [1] | Z4: [0] | AA4: [0] | AB4: [1.023591499950271] | AC4: [None] | AD4: P2 | AE4: 1 | AF4: 2025-09-30_15h34.46.001 | AG4: VisualSearch | AI4: 2025.1.1 | AJ4: 59.382846 | AK4: 2025-09-30 15h34.50.277263 +0530
A5: 23 | B5: 0 | C5: 23 | D5: [np.float64(0.35)] | E5: [np.float64(0.37083333333333335)] | F5: [1] | G5: [0] | H5: [0] | I5: 1.2825667 | J5: [None] | K5: 23 | L5: 0 | M5: 23 | N5: 0 | O5: 26.584982 | Q5: 5 | R5: 26.559164 | S5: 26.584982 | T5: 26.584982 | U5: 0.0290761 | V5: 27.841893 | W5: [np.float64(0.35)] | X5: [np.float64(0.37083333333333335)] | Y5: [1] | Z5: [0] | AA5: [0] | AB5: [1.282566699956078] | AC5: [None] | AD5: P2 | AE5: 1 | AF5: 2025-09-30_15h34.46.001 | AG5: VisualSearch | AI5: 2025.1.1 | AJ5: 59.382846 | AK5: 2025-09-30 15h34.50.277263 +0530
A6: 42 | B6: 0 | C6: 42 | D6: [np.float64(-0.18333333333333332)] | E6: [np.float64(-0.07777777777777778)] | F6: [0] | G6: [0] | H6: [1] | I6: 0.6425929 | J6: [None] | K6: 42 | L6: 0 | M6: 42 | N6: 0 | O6: 51.332835 | Q6: 5 | R6: 51.310776 | S6: 51.332835 | T6: 51.332835 | U6: 0.0239612 | V6: 51.953478 | W6: [np.float64(-0.18333333333333332)] | X6: [np.float64(-0.07777777777777778)] | Y6: [0] | Z6: [0] | AA6: [1] | AB6: [0.6425929000251926] | AC6: [None] | AD6: P2 | AE6: 1 | AF6: 2025-09-30_15h34.46.001 | AG6: VisualSearch | AI6: 2025.1.1 | AJ6: 59.382846 | AK6: 2025-09-30 15h34.50.277263 +0530
A7: 67 | B7: 0 | C7: 67 | D7: [np.float64(-0.3416666666666667)] | E7: [np.float64(0.4125)] | F7: [1] | G7: [0] | H7: [0] | I7: 0.8823665 | J7: [None] | K7: 67 | L7: 0 | M7: 67 | N7: 0 | O7: 82.098364 | Q7: 5 | R7: 82.07492 | S7: 82.098364 | T7: 82.098364 | U7: 0.0309069 | V7: 82.957428 | W7: [np.float64(-0.3416666666666667)] | X7: [np.float64(0.4125)] | Y7: [1] | Z7: [0] | AA7: [0] | AB7: [0.8823664999799803] | AC7: [None] | AD7: P2 | AE7: 1 | AF7: 2025-09-30_15h34.46.001 | AG7: VisualSearch | AI7: 2025.1.1 | AJ7: 59.382846 | AK7: 2025-09-30 15h34.50.277263 +0530
A8: 91 | B8: 0 | C8: 91 | D8: [np.float64(-0.10138888888888889)] | E8: [np.float64(0.16527777777777777)] | F8: [1] | G8: [0] | H8: [0] | I8: 0.6062923 | J8: [None] | K8: 91 | L8: 0 | M8: 91 | N8: 0 | O8: 109.16366 | Q8: 5 | R8: 109.14969 | S8: 109.16366 | T8: 109.16366 | U8: 0.0148588 | V8: 109.75616 | W8: [np.float64(-0.10138888888888889)] | X8: [np.float64(0.16527777777777777)] | Y8: [1] | Z8: [0] | AA8: [0] | AB8: [0.6062922999844886] | AC8: [None] | AD8: P2 | AE8: 1 | AF8: 2025-09-30_15h34.46.001 | AG8: VisualSearch | AI8: 2025.1.1 | AJ8: 59.382846 | AK8: 2025-09-30 15h34.50.277263 +0530
A9: 92 | B9: 0 | C9: 92 | D9: [np.float64(-0.1111111111111111)] | E9: [np.float64(-0.2763888888888889)] | F9: [1] | G9: [0] | H9: [0] | I9: 0.9949298 | J9: [None] | K9: 92 | L9: 0 | M9: 92 | N9: 0 | O9: 109.79798 | Q9: 5 | R9: 109.77807 | S9: 109.79798 | T9: 109.79798 | U9: 0.0216387 | V9: 110.77316 | W9: [np.float64(-0.1111111111111111)] | X9: [np.float64(-0.2763888888888889)] | Y9: [1] | Z9: [0] | AA9: [0] | AB9: [0.9949297999846749] | AC9: [None] | AD9: P2 | AE9: 1 | AF9: 2025-09-30_15h34.46.001 | AG9: VisualSearch | AI9: 2025.1.1 | AJ9: 59.382846 | AK9: 2025-09-30 15h34.50.277263 +0530
A10: 110 | B10: 0 | C10: 110 | D10: [np.float64(0.45)] | E10: [np.float64(-0.34444444444444444)] | F10: [1] | G10: [0] | H10: [0] | I10: 1.0674175 | J10: [None] | K10: 110 | L10: 0 | M10: 110 | N10: 0 | O10: 132.88066 | Q10: 5 | R10: 132.85474 | S10: 132.88066 | T10: 132.88066 | U10: 0.0313902 | V10: 133.92238 | W10: [np.float64(0.45)] | X10: [np.float64(-0.34444444444444444)] | Y10: [1] | Z10: [0] | AA10: [0] | AB10: [1.0674175000167452] | AC10: [None] | AD10: P2 | AE10: 1 | AF10: 2025-09-30_15h34.46.001 | AG10: VisualSearch | AI10: 2025.1.1 | AJ10: 59.382846 | AK10: 2025-09-30 15h34.50.277263 +0530
A11: 125 | B11: 0 | C11: 125 | D11: [np.float64(0.1625)] | E11: [np.float64(0.12777777777777777)] | F11: [1] | G11: [0] | H11: [0] | I11: 0.9387636 | J11: [None] | K11: 125 | L11: 0 | M11: 125 | N11: 0 | O11: 152.32957 | Q11: 5 | R11: 152.317 | S11: 152.32957 | T11: 152.32957 | U11: 0.0285765 | V11: 153.25617 | W11: [np.float64(0.1625)] | X11: [np.float64(0.12777777777777777)] | Y11: [1] | Z11: [0] | AA11: [0] | AB11: [0.9387636000174098] | AC11: [None] | AD11: P2 | AE11: 1 | AF11: 2025-09-30_15h34.46.001 | AG11: VisualSearch | AI11: 2025.1.1 | AJ11: 59.382846 | AK11: 2025-09-30 15h34.50.277263 +0530
A12: 129 | B12: 0 | C12: 129 | D12: [np.float64(-0.2861111111111111)] | E12: [np.float64(0.42777777777777776)] | F12: [1] | G12: [0] | H12: [0] | I12: 1.146234 | J12: [None] | K12: 129 | L12: 0 | M12: 129 | N12: 0 | O12: 156.84633 | Q12: 5 | R12: 156.82599 | S12: 156.84633 | T12: 156.84633 | U12: 0.0252537 | V12: 157.97236 | W12: [np.float64(-0.2861111111111111)] | X12: [np.float64(0.42777777777777776)] | Y12: [1] | Z12: [0] | AA12: [0] | AB12: [1.1462339999852702] | AC12: [None] | AD12: P2 | AE12: 1 | AF12: 2025-09-30_15h34.46.001 | AG12: VisualSearch | AI12: 2025.1.1 | AJ12: 59.382846 | AK12: 2025-09-30 15h34.50.277263 +0530
A13: 135 | B13: 0 | C13: 135 | D13: [np.float64(0.33194444444444443)] | E13: [np.float64(0.20833333333333334)] | F13: [1] | G13: [0] | H13: [0] | I13: 1.13928 | J13: [None] | K13: 135 | L13: 0 | M13: 135 | N13: 0 | O13: 165.16307 | Q13: 5 | R13: 165.13274 | S13: 165.16307 | T13: 165.16307 | U13: 0.0299583 | V13: 166.2722 | W13: [np.float64(0.33194444444444443)] | X13: [np.float64(0.20833333333333334)] | Y13: [1] | Z13: [0] | AA13: [0] | AB13: [1.1392800000030547] | AC13: [None] | AD13: P2 | AE13: 1 | AF13: 2025-09-30_15h34.46.001 | AG13: VisualSearch | AI13: 2025.1.1 | AJ13: 59.382846 | AK13: 2025-09-30 15h34.50.277263 +0530
... A201: 197 | B201: 0 | C201: 197 | D201: [np.float64(-0.34305555555555556)] | E201: [np.float64(0.225)] | F201: [1] | G201: [0] | H201: [0] | I201: 1.0563057 | J201: ['Target'] | K201: 197 | L201: 0 | M201: 197 | N201: 0 | O201: 234.19429 | Q201: 10 | R201: 234.17972 | S201: 234.19429 | T201: 234.19429 | U201: 0.043204 | V201: 235.23625 | W201: [np.float64(-0.34305555555555556)] | X201: [np.float64(0.225)] | Y201: [1] | Z201: [0] | AA201: [0] | AB201: [1.056305699981749] | AC201: ['Target'] | AD201: P2 | AE201: 1 | AF201: 2025-09-30_15h34.46.001 | AG201: VisualSearch | AI201: 2025.1.1 | AJ201: 59.382846 | AK201: 2025-09-30 15h34.50.277263 +0530

Sheet P3-21M
A1: thisN | B1: thisTrialN | C1: thisRepN | D1: mouse.x | E1: mouse.y | F1: mouse.leftButton | G1: mouse.midButton | H1: mouse.rightButton | I1: mouse.time | J1: mouse.clicked_name | K1: trials.thisRepN | L1: trials.thisTrialN | M1: trials.thisN | N1: trials.thisIndex | O1: thisRow.t | P1: notes | Q1: num_distr | R1: trial.started | S1: Fixation.started | T1: Target.started | U1: mouse.started | V1: trial.stopped | W1: trials.mouse.x | X1: trials.mouse.y | Y1: trials.mouse.leftButton | Z1: trials.mouse.midButton | AA1: trials.mouse.rightButton | AB1: trials.mouse.time | AC1: trials.mouse.clicked_name | AD1: participant | AE1: session | AF1: date | AG1: expName | AH1: expVersion | AI1: psychopyVersion | AJ1: frameRate | AK1: expStart
A2: 3 | B2: 0 | C2: 3 | D2: [np.float64(0.015277777777777777)] | E2: [np.float64(-0.005555555555555556)] | F2: [1] | G2: [0] | H2: [0] | I2: 0.8093196 | J2: [None] | K2: 3 | L2: 0 | M2: 3 | N2: 0 | O2: 3.8634966 | Q2: 5 | R2: 3.846554 | S2: 3.8634966 | T2: 3.8634966 | U2: 0.0234859 | V2: 4.6560793 | W2: [np.float64(0.015277777777777777)] | X2: [np.float64(-0.005555555555555556)] | Y2: [1] | Z2: [0] | AA2: [0] | AB2: [0.8093195999972522] | AC2: [None] | AD2: P3 | AE2: 1 | AF2: 2025-09-30_15h40.16.647 | AG2: VisualSearch | AI2: 2025.1.1 | AJ2: 59.767469 | AK2: 2025-09-30 15h40.20.850824 +0530
A3: 4 | B3: 0 | C3: 4 | D3: [np.float64(0.08611111111111111)] | E3: [np.float64(-0.4791666666666667)] | F3: [1] | G3: [0] | H3: [0] | I3: 0.9727161 | J3: [None] | K3: 4 | L3: 0 | M3: 4 | N3: 0 | O3: 4.6963499 | Q3: 5 | R3: 4.6825637 | S3: 4.6963499 | T3: 4.6963499 | U3: 0.0260768 | V3: 5.6554295 | W3: [np.float64(0.08611111111111111)] | X3: [np.float64(-0.4791666666666667)] | Y3: [1] | Z3: [0] | AA3: [0] | AB3: [0.9727161000482738] | AC3: [None] | AD3: P3 | AE3: 1 | AF3: 2025-09-30_15h40.16.647 | AG3: VisualSearch | AI3: 2025.1.1 | AJ3: 59.767469 | AK3: 2025-09-30 15h40.20.850824 +0530
A4: 5 | B4: 0 | C4: 5 | D4: [np.float64(-0.35138888888888886)] | E4: [np.float64(-0.24166666666666667)] | F4: [1] | G4: [0] | H4: [0] | I4: 0.9218097 | J4: [None] | K4: 5 | L4: 0 | M4: 5 | N4: 0 | O4: 5.6971833 | Q4: 5 | R4: 5.6831609 | S4: 5.6971833 | T4: 5.6971833 | U4: 0.0273557 | V4: 6.6051149 | W4: [np.float64(-0.35138888888888886)] | X4: [np.float64(-0.24166666666666667)] | Y4: [1] | Z4: [0] | AA4: [0] | AB4: [0.9218097000266425] | AC4: [None] | AD4: P3 | AE4: 1 | AF4: 2025-09-30_15h40.16.647 | AG4: VisualSearch | AI4: 2025.1.1 | AJ4: 59.767469 | AK4: 2025-09-30 15h40.20.850824 +0530
A5: 8 | B5: 0 | C5: 8 | D5: [np.float64(-0.3875)] | E5: [np.float64(0.1361111111111111)] | F5: [1] | G5: [0] | H5: [0] | I5: 0.9223504 | J5: [None] | K5: 8 | L5: 0 | M5: 8 | N5: 0 | O5: 8.9130376 | Q5: 5 | R5: 8.9006428 | S5: 8.9130376 | T5: 8.9130376 | U5: 0.0273968 | V5: 9.8231411 | W5: [np.float64(-0.3875)] | X5: [np.float64(0.1361111111111111)] | Y5: [1] | Z5: [0] | AA5: [0] | AB5: [0.9223504000110552] | AC5: [None] | AD5: P3 | AE5: 1 | AF5: 2025-09-30_15h40.16.647 | AG5: VisualSearch | AI5: 2025.1.1 | AJ5: 59.767469 | AK5: 2025-09-30 15h40.20.850824 +0530
A6: 13 | B6: 0 | C6: 13 | D6: [np.float64(0.1736111111111111)] | E6: [np.float64(-0.3888888888888889)] | F6: [1] | G6: [0] | H6: [0] | I6: 0.8240332 | J6: [None] | K6: 13 | L6: 0 | M6: 13 | N6: 0 | O6: 14.596309 | Q6: 5 | R6: 14.580897 | S6: 14.596309 | T6: 14.596309 | U6: 0.024482 | V6: 15.405119 | W6: [np.float64(0.1736111111111111)] | X6: [np.float64(-0.3888888888888889)] | Y6: [1] | Z6: [0] | AA6: [0] | AB6: [0.8240331999841146] | AC6: [None] | AD6: P3 | AE6: 1 | AF6: 2025-09-30_15h40.16.647 | AG6: VisualSearch | AI6: 2025.1.1 | AJ6: 59.767469 | AK6: 2025-09-30 15h40.20.850824 +0530
A7: 19 | B7: 0 | C7: 19 | D7: [np.float64(0.1361111111111111)] | E7: [np.float64(-0.2708333333333333)] | F7: [1] | G7: [0] | H7: [0] | I7: 0.6987537 | J7: [None] | K7: 19 | L7: 0 | M7: 19 | N7: 0 | O7: 20.930121 | Q7: 5 | R7: 20.907677 | S7: 20.930121 | T7: 20.930121 | U7: 0.0201554 | V7: 21.606663 | W7: [np.float64(0.1361111111111111)] | X7: [np.float64(-0.2708333333333333)] | Y7: [1] | Z7: [0] | AA7: [0] | AB7: [0.6987536999513395] | AC7: [None] | AD7: P3 | AE7: 1 | AF7: 2025-09-30_15h40.16.647 | AG7: VisualSearch | AI7: 2025.1.1 | AJ7: 59.767469 | AK7: 2025-09-30 15h40.20.850824 +0530
A8: 22 | B8: 0 | C8: 22 | D8: [np.float64(-0.15555555555555556)] | E8: [np.float64(-0.1638888888888889)] | F8: [1] | G8: [0] | H8: [0] | I8: 0.7544237 | J8: [None] | K8: 22 | L8: 0 | M8: 22 | N8: 0 | O8: 23.712867 | Q8: 5 | R8: 23.697193 | S8: 23.712867 | T8: 23.712867 | U8: 0.0289648 | V8: 24.45181 | W8: [np.float64(-0.15555555555555556)] | X8: [np.float64(-0.1638888888888889)] | Y8: [1] | Z8: [0] | AA8: [0] | AB8: [0.7544236999819987] | AC8: [None] | AD8: P3 | AE8: 1 | AF8: 2025-09-30_15h40.16.647 | AG8: VisualSearch | AI8: 2025.1.1 | AJ8: 59.767469 | AK8: 2025-09-30 15h40.20.850824 +0530
A9: 23 | B9: 0 | C9: 23 | D9: [np.float64(0.30972222222222223)] | E9: [np.float64(-0.36666666666666664)] | F9: [1] | G9: [0] | H9: [0] | I9: 1.220858 | J9: [None] | K9: 23 | L9: 0 | M9: 23 | N9: 0 | O9: 24.496435 | Q9: 5 | R9: 24.479012 | S9: 24.496435 | T9: 24.496435 | U9: 0.0268254 | V9: 25.700077 | W9: [np.float64(0.30972222222222223)] | X9: [np.float64(-0.36666666666666664)] | Y9: [1] | Z9: [0] | AA9: [0] | AB9: [1.2208579999860376] | AC9: [None] | AD9: P3 | AE9: 1 | AF9: 2025-09-30_15h40.16.647 | AG9: VisualSearch | AI9: 2025.1.1 | AJ9: 59.767469 | AK9: 2025-09-30 15h40.20.850824 +0530
A10: 31 | B10: 0 | C10: 31 | D10: [np.float64(-0.44583333333333336)] | E10: [np.float64(0.09861111111111111)] | F10: [1] | G10: [0] | H10: [0] | I10: 1.0140265 | J10: [None] | K10: 31 | L10: 0 | M10: 31 | N10: 0 | O10: 32.662296 | Q10: 5 | R10: 32.640587 | S10: 32.662296 | T10: 32.662296 | U10: 0.0248314 | V10: 33.654766 | W10: [np.float64(-0.44583333333333336)] | X10: [np.float64(0.09861111111111111)] | Y10: [1] | Z10: [0] | AA10: [0] | AB10: [1.0140264999936335] | AC10: [None] | AD10: P3 | AE10: 1 | AF10: 2025-09-30_15h40.16.647 | AG10: VisualSearch | AI10: 2025.1.1 | AJ10: 59.767469 | AK10: 2025-09-30 15h40.20.850824 +0530
A11: 35 | B11: 0 | C11: 35 | D11: [np.float64(-0.19027777777777777)] | E11: [np.float64(0.16527777777777777)] | F11: [1] | G11: [0] | H11: [0] | I11: 0.8056443 | J11: [None] | K11: 35 | L11: 0 | M11: 35 | N11: 0 | O11: 37.478584 | Q11: 5 | R11: 37.465342 | S11: 37.478584 | T11: 37.478584 | U11: 0.0147863 | V11: 38.271139 | W11: [np.float64(-0.19027777777777777)] | X11: [np.float64(0.16527777777777777)] | Y11: [1] | Z11: [0] | AA11: [0] | AB11: [0.8056443000095896] | AC11: [None] | AD11: P3 | AE11: 1 | AF11: 2025-09-30_15h40.16.647 | AG11: VisualSearch | AI11: 2025.1.1 | AJ11: 59.767469 | AK11: 2025-09-30 15h40.20.850824 +0530
A12: 36 | B12: 0 | C12: 36 | D12: [np.float64(-0.3875)] | E12: [np.float64(0.2902777777777778)] | F12: [1] | G12: [0] | H12: [0] | I12: 0.7927326 | J12: [None] | K12: 36 | L12: 0 | M12: 36 | N12: 0 | O12: 38.312593 | Q12: 5 | R12: 38.29644 | S12: 38.312593 | T12: 38.312593 | U12: 0.0250387 | V12: 39.089342 | W12: [np.float64(-0.3875)] | X12: [np.float64(0.2902777777777778)] | Y12: [1] | Z12: [0] | AA12: [0] | AB12: [0.7927326000062749] | AC12: [None] | AD12: P3 | AE12: 1 | AF12: 2025-09-30_15h40.16.647 | AG12: VisualSearch | AI12: 2025.1.1 | AJ12: 59.767469 | AK12: 2025-09-30 15h40.20.850824 +0530
A13: 47 | B13: 0 | C13: 47 | D13: [np.float64(-0.020833333333333332)] | E13: [np.float64(-0.1111111111111111)] | F13: [1] | G13: [0] | H13: [0] | I13: 0.8090647 | J13: [None] | K13: 47 | L13: 0 | M13: 47 | N13: 0 | O13: 49.295665 | Q13: 5 | R13: 49.278926 | S13: 49.295665 | T13: 49.295665 | U13: 0.0312078 | V13: 50.088294 | W13: [np.float64(-0.020833333333333332)] | X13: [np.float64(-0.1111111111111111)] | Y13: [1] | Z13: [0] | AA13: [0] | AB13: [0.8090647000353783] | AC13: [None] | AD13: P3 | AE13: 1 | AF13: 2025-09-30_15h40.16.647 | AG13: VisualSearch | AI13: 2025.1.1 | AJ13: 59.767469 | AK13: 2025-09-30 15h40.20.850824 +0530
... A201: 198 | B201: 0 | C201: 198 | D201: [np.float64(-0.29444444444444445)] | E201: [np.float64(-0.33055555555555555)] | F201: [1] | G201: [0] | H201: [0] | I201: 0.8434399 | J201: ['Target'] | K201: 198 | L201: 0 | M201: 198 | N201: 0 | O201: 221.3248 | Q201: 10 | R201: 221.28756 | S201: 221.3248 | T201: 221.3248 | U201: 0.0535272 | V201: 222.13107 | W201: [np.float64(-0.29444444444444445)] | X201: [np.float64(-0.33055555555555555)] | Y201: [1] | Z201: [0] | AA201: [0] | AB201: [0.8434399000252597] | AC201: ['Target'] | AD201: P3 | AE201: 1 | AF201: 2025-09-30_15h40.16.647 | AG201: VisualSearch | AI201: 2025.1.1 | AJ201: 59.767469 | AK201: 2025-09-30 15h40.20.850824 +0530

Sheet P4- 20F
A1: thisN | B1: thisTrialN | C1: thisRepN | D1: mouse.x | E1: mouse.y | F1: mouse.leftButton | G1: mouse.midButton | H1: mouse.rightButton | I1: mouse.time | J1: mouse.clicked_name | K1: trials.thisRepN | L1: trials.thisTrialN | M1: trials.thisN | N1: trials.thisIndex | O1: thisRow.t | P1: notes | Q1: num_distr | R1: trial.started | S1: Fixation.started | T1: Target.started | U1: mouse.started | V1: trial.stopped | W1: trials.mouse.x | X1: trials.mouse.y | Y1: trials.mouse.leftButton | Z1: trials.mouse.midButton | AA1: trials.mouse.rightButton | AB1: trials.mouse.time | AC1: trials.mouse.clicked_name | AD1: participant | AE1: session | AF1: date | AG1: expName | AH1: expVersion | AI1: psychopyVersion | AJ1: frameRate | AK1: expStart
A2: 4 | B2: 0 | C2: 4 | D2: [np.float64(-0.006944444444444444)] | E2: [np.float64(-0.08472222222222223)] | F2: [1] | G2: [0] | H2: [0] | I2: 1.9917578 | J2: [None] | K2: 4 | L2: 0 | M2: 4 | N2: 0 | O2: 7.2348738 | Q2: 5 | R2: 7.2162159 | S2: 7.2348738 | T2: 7.2348738 | U2: 0.0278529 | V2: 9.208157 | W2: [np.float64(-0.006944444444444444)] | X2: [np.float64(-0.08472222222222223)] | Y2: [1] | Z2: [0] | AA2: [0] | AB2: [1.9917577999876812] | AC2: [None] | AD2: P4 | AE2: 1 | AF2: 2025-09-30_16h06.26.412 | AG2: VisualSearch | AI2: 2025.1.1 | AJ2: 60.239875 | AK2: 2025-09-30 16h10.42.876312 +0530
A3: 7 | B3: 0 | C3: 7 | D3: [np.float64(0.05)] | E3: [np.float64(-0.25416666666666665)] | F3: [1] | G3: [0] | H3: [0] | I3: 1.5931933 | J3: [None] | K3: 7 | L3: 0 | M3: 7 | N3: 0 | O3: 11.60201 | Q3: 5 | R3: 11.580324 | S3: 11.60201 | T3: 11.60201 | U3: 0.025137 | V3: 13.173652 | W3: [np.float64(0.05)] | X3: [np.float64(-0.25416666666666665)] | Y3: [1] | Z3: [0] | AA3: [0] | AB3: [1.5931933000101708] | AC3: [None] | AD3: P4 | AE3: 1 | AF3: 2025-09-30_16h06.26.412 | AG3: VisualSearch | AI3: 2025.1.1 | AJ3: 60.239875 | AK3: 2025-09-30 16h10.42.876312 +0530
A4: 63 | B4: 0 | C4: 63 | D4: [np.float64(-0.25972222222222224)] | E4: [np.float64(-0.3527777777777778)] | F4: [1] | G4: [0] | H4: [0] | I4: 1.3881331 | J4: [None] | K4: 63 | L4: 0 | M4: 63 | N4: 0 | O4: 95.832443 | Q4: 5 | R4: 95.818487 | S4: 95.832443 | T4: 95.832443 | U4: 0.0293314 | V4: 97.206716 | W4: [np.float64(-0.25972222222222224)] | X4: [np.float64(-0.3527777777777778)] | Y4: [1] | Z4: [0] | AA4: [0] | AB4: [1.3881331000011414] | AC4: [None] | AD4: P4 | AE4: 1 | AF4: 2025-09-30_16h06.26.412 | AG4: VisualSearch | AI4: 2025.1.1 | AJ4: 60.239875 | AK4: 2025-09-30 16h10.42.876312 +0530
A5: 73 | B5: 0 | C5: 73 | D5: [np.float64(-0.37916666666666665)] | E5: [np.float64(0.3861111111111111)] | F5: [1] | G5: [0] | H5: [0] | I5: 1.5238721 | J5: [None] | K5: 73 | L5: 0 | M5: 73 | N5: 0 | O5: 110.1158 | Q5: 5 | R5: 110.09765 | S5: 110.1158 | T5: 110.1158 | U5: 0.0252195 | V5: 111.62167 | W5: [np.float64(-0.37916666666666665)] | X5: [np.float64(0.3861111111111111)] | Y5: [1] | Z5: [0] | AA5: [0] | AB5: [1.5238721000496298] | AC5: [None] | AD5: P4 | AE5: 1 | AF5: 2025-09-30_16h06.26.412 | AG5: VisualSearch | AI5: 2025.1.1 | AJ5: 60.239875 | AK5: 2025-09-30 16h10.42.876312 +0530
A6: 80 | B6: 0 | C6: 80 | D6: [np.float64(-0.12083333333333333)] | E6: [np.float64(0.02361111111111111)] | F6: [1] | G6: [0] | H6: [0] | I6: 1.1101931 | J6: [None] | K6: 80 | L6: 0 | M6: 80 | N6: 0 | O6: 120.49874 | Q6: 5 | R6: 120.4769 | S6: 120.49874 | T6: 120.49874 | U6: 0.0238575 | V6: 121.58723 | W6: [np.float64(-0.12083333333333333)] | X6: [np.float64(0.02361111111111111)] | Y6: [1] | Z6: [0] | AA6: [0] | AB6: [1.1101931000011973] | AC6: [None] | AD6: P4 | AE6: 1 | AF6: 2025-09-30_16h06.26.412 | AG6: VisualSearch | AI6: 2025.1.1 | AJ6: 60.239875 | AK6: 2025-09-30 16h10.42.876312 +0530
A7: 82 | B7: 0 | C7: 82 | D7: [np.float64(0.11944444444444445)] | E7: [np.float64(-0.4652777777777778)] | F7: [1] | G7: [0] | H7: [0] | I7: 1.6890118 | J7: [None] | K7: 82 | L7: 0 | M7: 82 | N7: 0 | O7: 122.81558 | Q7: 5 | R7: 122.79866 | S7: 122.81558 | T7: 122.81558 | U7: 0.0274554 | V7: 124.48779 | W7: [np.float64(0.11944444444444445)] | X7: [np.float64(-0.4652777777777778)] | Y7: [1] | Z7: [0] | AA7: [0] | AB7: [1.6890117999864742] | AC7: [None] | AD7: P4 | AE7: 1 | AF7: 2025-09-30_16h06.26.412 | AG7: VisualSearch | AI7: 2025.1.1 | AJ7: 60.239875 | AK7: 2025-09-30 16h10.42.876312 +0530
A8: 84 | B8: 0 | C8: 84 | D8: [np.float64(-0.44583333333333336)] | E8: [np.float64(0.33055555555555555)] | F8: [1] | G8: [0] | H8: [0] | I8: 2.8914912 | J8: [None] | K8: 84 | L8: 0 | M8: 84 | N8: 0 | O8: 125.56536 | Q8: 5 | R8: 125.54604 | S8: 125.56536 | T8: 125.56536 | U8: 0.0248654 | V8: 128.43769 | W8: [np.float64(-0.44583333333333336)] | X8: [np.float64(0.33055555555555555)] | Y8: [1] | Z8: [0] | AA8: [0] | AB8: [2.8914912000182085] | AC8: [None] | AD8: P4 | AE8: 1 | AF8: 2025-09-30_16h06.26.412 | AG8: VisualSearch | AI8: 2025.1.1 | AJ8: 60.239875 | AK8: 2025-09-30 16h10.42.876312 +0530
A9: 108 | B9: 0 | C9: 108 | D9: [np.float64(0.09166666666666666)] | E9: [np.float64(-0.3861111111111111)] | F9: [1] | G9: [0] | H9: [0] | I9: 1.0106353 | J9: [None] | K9: 108 | L9: 0 | M9: 108 | N9: 0 | O9: 161.8976 | Q9: 5 | R9: 161.87643 | S9: 161.8976 | T9: 161.8976 | U9: 0.0246827 | V9: 162.8872 | W9: [np.float64(0.09166666666666666)] | X9: [np.float64(-0.3861111111111111)] | Y9: [1] | Z9: [0] | AA9: [0] | AB9: [1.010635300015565] | AC9: [None] | AD9: P4 | AE9: 1 | AF9: 2025-09-30_16h06.26.412 | AG9: VisualSearch | AI9: 2025.1.1 | AJ9: 60.239875 | AK9: 2025-09-30 16h10.42.876312 +0530
A10: 113 | B10: 0 | C10: 113 | D10: [np.float64(-0.34305555555555556)] | E10: [np.float64(-0.0763888888888889)] | F10: [1] | G10: [0] | H10: [0] | I10: 1.2686517 | J10: [None] | K10: 113 | L10: 0 | M10: 113 | N10: 0 | O10: 167.33077 | Q10: 5 | R10: 167.31606 | S10: 167.33077 | T10: 167.33077 | U10: 0.029236 | V10: 168.58484 | W10: [np.float64(-0.34305555555555556)] | X10: [np.float64(-0.0763888888888889)] | Y10: [1] | Z10: [0] | AA10: [0] | AB10: [1.2686516999965534] | AC10: [None] | AD10: P4 | AE10: 1 | AF10: 2025-09-30_16h06.26.412 | AG10: VisualSearch | AI10: 2025.1.1 | AJ10: 60.239875 | AK10: 2025-09-30 16h10.42.876312 +0530
A11: 122 | B11: 0 | C11: 122 | D11: [np.float64(-0.1763888888888889)] | E11: [np.float64(-0.25)] | F11: [1] | G11: [0] | H11: [0] | I11: 0.9892371 | J11: [None] | K11: 122 | L11: 0 | M11: 122 | N11: 0 | O11: 181.73035 | Q11: 5 | R11: 181.71308 | S11: 181.73035 | T11: 181.73035 | U11: 0.025762 | V11: 182.70244 | W11: [np.float64(-0.1763888888888889)] | X11: [np.float64(-0.25)] | Y11: [1] | Z11: [0] | AA11: [0] | AB11: [0.9892371000023559] | AC11: [None] | AD11: P4 | AE11: 1 | AF11: 2025-09-30_16h06.26.412 | AG11: VisualSearch | AI11: 2025.1.1 | AJ11: 60.239875 | AK11: 2025-09-30 16h10.42.876312 +0530
A12: 132 | B12: 0 | C12: 132 | D12: [np.float64(0.17083333333333334)] | E12: [np.float64(0.18194444444444444)] | F12: [1] | G12: [0] | H12: [0] | I12: 0.3744364 | J12: [None] | K12: 132 | L12: 0 | M12: 132 | N12: 0 | O12: 192.24668 | Q12: 5 | R12: 192.22989 | S12: 192.24668 | T12: 192.24668 | U12: 0.0260049 | V12: 192.60453 | W12: [np.float64(0.17083333333333334)] | X12: [np.float64(0.18194444444444444)] | Y12: [1] | Z12: [0] | AA12: [0] | AB12: [0.37443640001583844] | AC12: [None] | AD12: P4 | AE12: 1 | AF12: 2025-09-30_16h06.26.412 | AG12: VisualSearch | AI12: 2025.1.1 | AJ12: 60.239875 | AK12: 2025-09-30 16h10.42.876312 +0530
A13: 133 | B13: 0 | C13: 133 | D13: [np.float64(0.015277777777777777)] | E13: [np.float64(-0.009722222222222222)] | F13: [1] | G13: [0] | H13: [0] | I13: 0.3661726 | J13: [None] | K13: 133 | L13: 0 | M13: 133 | N13: 0 | O13: 192.66361 | Q13: 5 | R13: 192.63567 | S13: 192.66361 | T13: 192.66361 | U13: 0.0308036 | V13: 193.00195 | W13: [np.float64(0.015277777777777777)] | X13: [np.float64(-0.009722222222222222)] | Y13: [1] | Z13: [0] | AA13: [0] | AB13: [0.3661725999554619] | AC13: [None] | AD13: P4 | AE13: 1 | AF13: 2025-09-30_16h06.26.412 | AG13: VisualSearch | AI13: 2025.1.1 | AJ13: 60.239875 | AK13: 2025-09-30 16h10.42.876312 +0530
... A201: 198 | B201: 0 | C201: 198 | D201: [np.float64(0.17222222222222222)] | E201: [np.float64(0.09166666666666666)] | F201: [1] | G201: [0] | H201: [0] | I201: 1.2228639 | J201: ['Target'] | K201: 198 | L201: 0 | M201: 198 | N201: 0 | O201: 260.36092 | Q201: 10 | R201: 260.3417 | S201: 260.36092 | T201: 260.36092 | U201: 0.0261463 | V201: 261.56468 | W201: [np.float64(0.17222222222222222)] | X201: [np.float64(0.09166666666666666)] | Y201: [1] | Z201: [0] | AA201: [0] | AB201: [1.2228639000095427] | AC201: ['Target'] | AD201: P4 | AE201: 1 | AF201: 2025-09-30_16h06.26.412 | AG201: VisualSearch | AI201: 2025.1.1 | AJ201: 60.239875 | AK201: 2025-09-30 16h10.42.876312 +0530

Sheet P5- 20F
A1: thisN | B1: thisTrialN | C1: thisRepN | D1: mouse.x | E1: mouse.y | F1: mouse.leftButton | G1: mouse.midButton | H1: mouse.rightButton | I1: mouse.time | J1: mouse.clicked_name | K1: trials.thisRepN | L1: trials.thisTrialN | M1: trials.thisN | N1: trials.thisIndex | O1: thisRow.t | P1: notes | Q1: num_distr | R1: trial.started | S1: Fixation.started | T1: Target.started | U1: mouse.started | V1: trial.stopped | W1: trials.mouse.x | X1: trials.mouse.y | Y1: trials.mouse.leftButton | Z1: trials.mouse.midButton | AA1: trials.mouse.rightButton | AB1: trials.mouse.time | AC1: trials.mouse.clicked_name | AD1: participant | AE1: session | AF1: date | AG1: expName | AH1: expVersion | AI1: psychopyVersion | AJ1: frameRate | AK1: expStart
A2: 2 | B2: 0 | C2: 2 | D2: [np.float64(0.1875)] | E2: [np.float64(-0.0375)] | F2: [1] | G2: [0] | H2: [0] | I2: 0.9369448 | J2: [None] | K2: 2 | L2: 0 | M2: 2 | N2: 0 | O2: 3.2230286 | Q2: 5 | R2: 3.2083019 | S2: 3.2230286 | T2: 3.2230286 | U2: 0.0297347 | V2: 4.145483 | W2: [np.float64(0.1875)] | X2: [np.float64(-0.0375)] | Y2: [1] | Z2: [0] | AA2: [0] | AB2: [0.9369448000215925] | AC2: [None] | AD2: P5 | AE2: 1 | AF2: 2025-09-30_16h15.15.972 | AG2: VisualSearch | AI2: 2025.1.1 | AJ2: 60.091856 | AK2: 2025-09-30 16h15.22.817739 +0530
A3: 4 | B3: 0 | C3: 4 | D3: [np.float64(-0.2361111111111111)] | E3: [np.float64(0.0875)] | F3: [1] | G3: [0] | H3: [0] | I3: 0.338992 | J3: [None] | K3: 4 | L3: 0 | M3: 4 | N3: 0 | O3: 5.2391209 | Q3: 5 | R3: 5.220647 | S3: 5.2391209 | T3: 5.2391209 | U3: 0.0260355 | V3: 5.5597325 | W3: [np.float64(-0.2361111111111111)] | X3: [np.float64(0.0875)] | Y3: [1] | Z3: [0] | AA3: [0] | AB3: [0.3389920000336133] | AC3: [None] | AD3: P5 | AE3: 1 | AF3: 2025-09-30_16h15.15.972 | AG3: VisualSearch | AI3: 2025.1.1 | AJ3: 60.091856 | AK3: 2025-09-30 16h15.22.817739 +0530
A4: 5 | B4: 0 | C4: 5 | D4: [np.float64(0.08888888888888889)] | E4: [np.float64(0.016666666666666666)] | F4: [1] | G4: [0] | H4: [0] | I4: 1.0989047 | J4: [None] | K4: 5 | L4: 0 | M4: 5 | N4: 0 | O4: 5.5887095 | Q4: 5 | R4: 5.5770611 | S4: 5.5887095 | T4: 5.5887095 | U4: 0.0170481 | V4: 6.6760537 | W4: [np.float64(0.08888888888888889)] | X4: [np.float64(0.016666666666666666)] | Y4: [1] | Z4: [0] | AA4: [0] | AB4: [1.0989047000184655] | AC4: [None] | AD4: P5 | AE4: 1 | AF4: 2025-09-30_16h15.15.972 | AG4: VisualSearch | AI4: 2025.1.1 | AJ4: 60.091856 | AK4: 2025-09-30 16h15.22.817739 +0530
A5: 7 | B5: 0 | C5: 7 | D5: [np.float64(-0.3625)] | E5: [np.float64(-0.10833333333333334)] | F5: [1] | G5: [0] | H5: [0] | I5: 1.2403269 | J5: [None] | K5: 7 | L5: 0 | M5: 7 | N5: 0 | O5: 8.6063119 | Q5: 5 | R5: 8.5885186 | S5: 8.6063119 | T5: 8.6063119 | U5: 0.0264658 | V5: 9.8289957 | W5: [np.float64(-0.3625)] | X5: [np.float64(-0.10833333333333334)] | Y5: [1] | Z5: [0] | AA5: [0] | AB5: [1.240326900035143] | AC5: [None] | AD5: P5 | AE5: 1 | AF5: 2025-09-30_16h15.15.972 | AG5: VisualSearch | AI5: 2025.1.1 | AJ5: 60.091856 | AK5: 2025-09-30 16h15.22.817739 +0530
A6: 23 | B6: 0 | C6: 23 | D6: [np.float64(0.125)] | E6: [np.float64(0.24722222222222223)] | F6: [1] | G6: [0] | H6: [0] | I6: 0.1990896 | J6: [None] | K6: 23 | L6: 0 | M6: 23 | N6: 0 | O6: 28.972302 | Q6: 5 | R6: 28.961386 | S6: 28.972302 | T6: 28.972302 | U6: 0.0311834 | V6: 29.160698 | W6: [np.float64(0.125)] | X6: [np.float64(0.24722222222222223)] | Y6: [1] | Z6: [0] | AA6: [0] | AB6: [0.19908960000611842] | AC6: [None] | AD6: P5 | AE6: 1 | AF6: 2025-09-30_16h15.15.972 | AG6: VisualSearch | AI6: 2025.1.1 | AJ6: 60.091856 | AK6: 2025-09-30 16h15.22.817739 +0530
A7: 26 | B7: 0 | C7: 26 | D7: [np.float64(0.025)] | E7: [np.float64(-0.4236111111111111)] | F7: [1] | G7: [0] | H7: [0] | I7: 1.0567466 | J7: [None] | K7: 26 | L7: 0 | M7: 26 | N7: 0 | O7: 31.85571 | Q7: 5 | R7: 31.837389 | S7: 31.85571 | T7: 31.85571 | U7: 0.0245101 | V7: 32.89431 | W7: [np.float64(0.025)] | X7: [np.float64(-0.4236111111111111)] | Y7: [1] | Z7: [0] | AA7: [0] | AB7: [1.0567466000211425] | AC7: [None] | AD7: P5 | AE7: 1 | AF7: 2025-09-30_16h15.15.972 | AG7: VisualSearch | AI7: 2025.1.1 | AJ7: 60.091856 | AK7: 2025-09-30 16h15.22.817739 +0530
A8: 27 | B8: 0 | C8: 27 | D8: [np.float64(-0.08472222222222223)] | E8: [np.float64(-0.46805555555555556)] | F8: [1] | G8: [0] | H8: [0] | I8: 1.0052832 | J8: [None] | K8: 27 | L8: 0 | M8: 27 | N8: 0 | O8: 32.938781 | Q8: 5 | R8: 32.919925 | S8: 32.938781 | T8: 32.938781 | U8: 0.0253369 | V8: 33.925352 | W8: [np.float64(-0.08472222222222223)] | X8: [np.float64(-0.46805555555555556)] | Y8: [1] | Z8: [0] | AA8: [0] | AB8: [1.0052832000073977] | AC8: [None] | AD8: P5 | AE8: 1 | AF8: 2025-09-30_16h15.15.972 | AG8: VisualSearch | AI8: 2025.1.1 | AJ8: 60.091856 | AK8: 2025-09-30 16h15.22.817739 +0530
A9: 31 | B9: 0 | C9: 31 | D9: [np.float64(0.2263888888888889)] | E9: [np.float64(-0.4041666666666667)] | F9: [1] | G9: [0] | H9: [0] | I9: 0.3217678 | J9: [None] | K9: 31 | L9: 0 | M9: 31 | N9: 0 | O9: 38.221633 | Q9: 5 | R9: 38.205228 | S9: 38.221633 | T9: 38.221633 | U9: 0.0278496 | V9: 38.527129 | W9: [np.float64(0.2263888888888889)] | X9: [np.float64(-0.4041666666666667)] | Y9: [1] | Z9: [0] | AA9: [0] | AB9: [0.32176780002191663] | AC9: [None] | AD9: P5 | AE9: 1 | AF9: 2025-09-30_16h15.15.972 | AG9: VisualSearch | AI9: 2025.1.1 | AJ9: 60.091856 | AK9: 2025-09-30 16h15.22.817739 +0530
A10: 36 | B10: 0 | C10: 36 | D10: [np.float64(0.2388888888888889)] | E10: [np.float64(-0.4)] | F10: [1] | G10: [0] | H10: [0] | I10: 0.1932753 | J10: [None] | K10: 36 | L10: 0 | M10: 36 | N10: 0 | O10: 39.48867 | Q10: 5 | R10: 39.467667 | S10: 39.48867 | T10: 39.48867 | U10: 0.0236943 | V10: 39.661086 | W10: [np.float64(0.2388888888888889)] | X10: [np.float64(-0.4)] | Y10: [1] | Z10: [0] | AA10: [0] | AB10: [0.19327530002919957] | AC10: [None] | AD10: P5 | AE10: 1 | AF10: 2025-09-30_16h15.15.972 | AG10: VisualSearch | AI10: 2025.1.1 | AJ10: 60.091856 | AK10: 2025-09-30 16h15.22.817739 +0530
A11: 42 | B11: 0 | C11: 42 | D11: [np.float64(-0.475)] | E11: [np.float64(-0.030555555555555555)] | F11: [1] | G11: [0] | H11: [0] | I11: 1.1537616 | J11: [None] | K11: 42 | L11: 0 | M11: 42 | N11: 0 | O11: 45.788309 | Q11: 5 | R11: 45.771169 | S11: 45.788309 | T11: 45.788309 | U11: 0.0250354 | V11: 46.925078 | W11: [np.float64(-0.475)] | X11: [np.float64(-0.030555555555555555)] | Y11: [1] | Z11: [0] | AA11: [0] | AB11: [1.1537616000277922] | AC11: [None] | AD11: P5 | AE11: 1 | AF11: 2025-09-30_16h15.15.972 | AG11: VisualSearch | AI11: 2025.1.1 | AJ11: 60.091856 | AK11: 2025-09-30 16h15.22.817739 +0530
A12: 54 | B12: 0 | C12: 54 | D12: [np.float64(0.06388888888888888)] | E12: [np.float64(0.2611111111111111)] | F12: [1] | G12: [0] | H12: [0] | I12: 1.4188568 | J12: [None] | K12: 54 | L12: 0 | M12: 54 | N12: 0 | O12: 60.621308 | Q12: 5 | R12: 60.607465 | S12: 60.621308 | T12: 60.621308 | U12: 0.0300341 | V12: 62.026449 | W12: [np.float64(0.06388888888888888)] | X12: [np.float64(0.2611111111111111)] | Y12: [1] | Z12: [0] | AA12: [0] | AB12: [1.4188567999517545] | AC12: [None] | AD12: P5 | AE12: 1 | AF12: 2025-09-30_16h15.15.972 | AG12: VisualSearch | AI12: 2025.1.1 | AJ12: 60.091856 | AK12: 2025-09-30 16h15.22.817739 +0530
A13: 68 | B13: 0 | C13: 68 | D13: [np.float64(0.18194444444444444)] | E13: [np.float64(-0.37916666666666665)] | F13: [1] | G13: [0] | H13: [0] | I13: 1.1217255 | J13: [None] | K13: 68 | L13: 0 | M13: 68 | N13: 0 | O13: 77.620893 | Q13: 5 | R13: 77.605391 | S13: 77.620893 | T13: 77.620893 | U13: 0.027201 | V13: 78.727274 | W13: [np.float64(0.18194444444444444)] | X13: [np.float64(-0.37916666666666665)] | Y13: [1] | Z13: [0] | AA13: [0] | AB13: [1.1217254999792203] | AC13: [None] | AD13: P5 | AE13: 1 | AF13: 2025-09-30_16h15.15.972 | AG13: VisualSearch | AI13: 2025.1.1 | AJ13: 60.091856 | AK13: 2025-09-30 16h15.22.817739 +0530
... A201: 196 | B201: 0 | C201: 196 | D201: [np.float64(-0.016666666666666666)] | E201: [np.float64(-0.2875)] | F201: [1] | G201: [0] | H201: [0] | I201: 1.1009152 | J201: ['Target'] | K201: 196 | L201: 0 | M201: 196 | N201: 0 | O201: 252.03311 | Q201: 10 | R201: 252.0042 | S201: 252.03311 | T201: 252.03311 | U201: 0.0512816 | V201: 253.10529 | W201: [np.float64(-0.016666666666666666)] | X201: [np.float64(-0.2875)] | Y201: [1] | Z201: [0] | AA201: [0] | AB201: [1.100915199960582] | AC201: ['Target'] | AD201: P5 | AE201: 1 | AF201: 2025-09-30_16h15.15.972 | AG201: VisualSearch | AI201: 2025.1.1 | AJ201: 60.091856 | AK201: 2025-09-30 16h15.22.817739 +0530
